id;author_id;dislikes;likes;status;text;subject;display_name;thread_id;level;parent_id
1;admin;0;1;APPROVED;Manch einem graust es vor gar nichts und damit sei nicht das schimmlige Stück gemeint.;;Anonymous;2000004910198;0;null
2;admin;0;3;APPROVED;Bitte um Gebote.;Hätte noch ein Stück Apfelkuchen von vorletzter Woche zu versteigern.;Anonymous;2000004910198;1;1
3;admin;0;2;APPROVED;Eine Challenge für Homer Simpson;Ungeniessbar ;Anonymous;2000004910198;2;2
4;admin;0;2;APPROVED;Ungenie bar ist relativ. Immerhin handelt es sich hier um England und die gleichnamige Küche...;;Anonymous;2000004910198;3;3
5;admin;0;1;APPROVED;echt  ungenie bar  hättens halt zwieback kredenzen sollen.;;Anonymous;2000004910198;4;4
6;admin;0;1;APPROVED;Dürfte in einem Messi Haushalt kürzlich wieder zu Tage gekommen sein.;;Anonymous;2000004910198;0;null
7;admin;0;1;APPROVED;;Einfach grauslich ;Anonymous;2000004910198;1;6
8;admin;0;2;APPROVED;;Wie Krank ist dass denn ;Anonymous;2000004910198;2;7
9;admin;0;10;APPROVED;;Sind das lauter Irre mit zuviel Geld ;Anonymous;2000004910198;3;8
10;admin;0;3;APPROVED;Und ich habe meinen Hochzeitskuchen damals  in der ersten Woche darauf gleich gegessen.... 1 Jahr warten  war mir zulange. Hätte ich gewusst  dass andere damit sogar ein Geschäft machen......;;Anonymous;2000004910198;4;9
11;admin;0;2;APPROVED;;Die leigt jetzt in Josef Pröll s Kühlschrank ;Anonymous;2000004910198;0;null
12;admin;0;3;APPROVED;Kein Bild  Aww.;;Anonymous;2000004910198;1;11
13;admin;0;5;APPROVED;http www.tagesspiegel.de weltspieg... 12492.html;Bitteschön;Anonymous;2000004910198;2;12
14;admin;0;0;APPROVED;Danke ;;Anonymous;2000004910198;3;13
15;admin;0;3;APPROVED;Der schaut ja noch gut aus.....;;Anonymous;2000004910198;4;14
16;admin;0;1;APPROVED;Das ist ja fast wie Samsung mit touchwhizz.  berladenes aufgeblähtes OS mit vielen sinnfreien features. Aber zumindest wei  nahm jetzt warum das so ist. Die südkoreanischen manager kriegen für jede neue Funktion ne fette Prämie. Das erklärt einiges;;Anonymous;2000004916036;0;null
17;admin;0;2;APPROVED;Es ist wenigstens besser geworden als der Vorgänger OS. Trotzdem noch immer eine Katastrophe. Extrem verbugt  langsam und oft nicht nachvollziehbar kompliziert bzw. unübersichtlich. LG sollte allgemein ordentlich im Bereich der Softwareentwicklung umdenken. Alles was sie angreifen wird zur einer Katastrophe. Schade eigentlich  da Hardwaremä ig gibt es nichts auszusetzen.;;Anonymous;2000004916036;1;16
18;admin;1;4;APPROVED;Neben Android  iOS und Windows Phone ist bei mobilen Betriebssystemen  für Smartphones Tablets  praktisch kein Platz. Blackberry lebt noch  aber es geht auch mehr schlecht als recht. Und das obwohl die neuen Geräte und das neue System durchaus nicht so übel sind. Und LG kann WebOS nicht zum Erfolg führen  wenn die Bedingungen derma en hart sind und man offensichtlich auch nicht wirklich hartnäckig daran arbeitet. Auch wenn ich Konkurrenz gut finde  das belebt den Markt  Für Sailfish OS  Firefox OS  Ubuntu Touch und Co. sehe ich auch keine Zukunft jenseits des Promille Bereichs. Windows Phone fürs MS kosystem  iOS fürs Apple kosystem und Android für alles andere  das ist der Stand der Dinge;Man muss der Realität einfach ins Auge sehen ;Anonymous;2000004916036;2;17
19;admin;0;0;APPROVED;hier gehts um smart tv und nicht um smartphones.;;Anonymous;2000004916036;3;18
20;admin;0;0;APPROVED;...Android für alles andere  das ist der Stand der Dinge.... und das wird auch ein paar jahre noch so bleiben fürchte ich.;;Anonymous;2000004916036;4;19
21;admin;0;0;APPROVED;Gibt es schon ein Smart TV mit Android ;;Anonymous;2000004916036;0;null
22;admin;0;0;APPROVED;Es geht um ein OS für Smart TVs.;;Anonymous;2000004916036;1;21
23;admin;0;1;APPROVED;LG hat WebOS von HP gekauft  die es damals wiederum Palm abgekauft hatten . Die ersten Geräte von LG waren Smart TVs  aber natürlich hätte LG WebOS auch auf ihre mobilen Geräte gebracht. So wie es Samsung mit Tizen probiert;Nicht nur.;Anonymous;2000004916036;2;22
24;admin;0;0;APPROVED;in DEM Artikel gehts um smart TVs oder ;;Anonymous;2000004916036;3;23
25;admin;0;0;APPROVED;Ist neu für mich. LG hat eigentlich von Anfang WebOS nur für Fernsehen verwendet bzw. umgebaut. Es ist halt doch ein gro er Unterschied im Bedienung ob man ein Tablet oder Smartphone mit Touchscreen bedient oder ein Fernsehen mit einer Fernbedienung. Ausserdem  hätte sich LG für Android entschieden  hätten sie die gleiche Probleme gehabt. Es geht nicht um das OS  sondern wie es funktioniert.;;Anonymous;2000004916036;4;24
26;admin;0;0;APPROVED;Ich will mir nächstes Jahr einen neuen Fernseher kaufen LG war in der näheren Wahl wegen WebOS und wegen der passiven 3d Brillen  so wird das aber nichts. Ich will ein Produkt mit Zukunftssicherheit.;Schade;Anonymous;2000004916036;0;null
27;admin;0;3;APPROVED;wird es nur geben  wenn sie auf offenen Standards aufbauen. Das Betriebssystem alleine hilft hier wenig bis gar nicht.;Produkte mit Zukunftssicherheit;Anonymous;2000004916036;1;26
28;admin;0;0;APPROVED;Wenn ich mir die erhebliche Menschenverachtung ansehe  die uns von Wirtschafts  und Regierungskreisen allenthalben entgegenbläst  wenn ich mir ansehe  wie das  sozial  aus der  sozialen Marktwirtschaft  einfach dem neoliberalistischen Gott Mammon geopfert wird  frage ich mich ja  was diesen Geldbeträgen überhaupt noch an persönlicher  menschlicher Eigenverantwortung gegenüberstehen soll. WESSEN Geld soll das sein  Meines  Also wenn ich mir mein Konto ansehe  ist es sicher nicht meines  Ich wüsste auch nicht  woher der Versagerhaufen so viel Geld herkriegen soll. Da schieben sich in den oberen Etagen einige Leute Zahlen hin  und her  ohne dass die je eine reale Grundlage hatten.;Das sind sowieso nur Zahlen.;Anonymous;2000004890863;0;null
29;admin;0;2;APPROVED;Das ist natürlich durch Anleihen und Kauf durch die EZB entstanden  frisch aus der elektronischen Druckerpresse quasi;;Anonymous;2000004890863;1;28
30;admin;0;1;APPROVED;sondern darum  wer für den Gegenwert die  Schuldbürgschaft  eingeht. In diesem Fall ist es ganz sicher das Geld des Vorposters  wie auch meines . Wir garantieren alle dafür als Staatsschuldner und bezahlen das auch mit unseren Steuern. Leider nicht nur die niedrigen Leitzinsen der EZB sondern auch den Aufschlag der Banken  die damit ein Bombengeschäft ohne Risiko machen . Ich frage mich schon lange  warum so ein System immer noch läuft und nicht von den Menschen zerschlagen wird. Vermutlich weil es nur einige wenige gecheckt haben  wie das läuft.;es geht aber nicht darum  wie das Geld  physisch  entstanden ist;Anonymous;2000004890863;2;29
31;admin;0;3;APPROVED;Bei dem durchschlagenden Erfolg der Lösungen  stellt sich die Frage der Kompetenz der E köpfe nicht mehr;;Anonymous;2000004890863;3;30
32;admin;0;0;APPROVED;Weil die letzten 80 Milliarden Euro jedes Monat so gut geholfen haben  führen wir das Programm weiter  sarcsm end ;;Anonymous;2000004890863;4;31
33;admin;1;1;APPROVED; VPler ist er ja meines Wissens.;Was spricht eigentlich gegen den Aiginger als Finanzminister ;Anonymous;2000004890863;0;null
34;admin;0;0;APPROVED;Kompetenz ist ein klarer Ausschlu grund bei der  VP...;;Anonymous;2000004890863;1;33
35;admin;0;0;APPROVED;Nja mit der Brechstange wirds schon funktionieren. Ich werde ja schlie lich nicht nur mit Aspirin meine Kopfschmerzen los  sondern auch mit Morphin.  ber Risiken und Nebenwirkungen... eh schon wissen.;;Anonymous;2000004890863;2;34
36;admin;0;0;APPROVED;dass er die Schnittblumen hier nur symbolisch für etliche Produkte erwähnt hat  für die kein begünstigter Steuersatz gelten sollte. Im Mai 2014 hat er in einem Kurier Interview gesagt   der begünstigte Umsatzsteuersatz für Sammlermünzen  Schnittblumen oder Opernkarten ;Wer Aiginger kennt wei ;Anonymous;2000004890863;3;35
37;admin;0;0;APPROVED;wäre das Geld zu gleichen Teilen unter der EU Bevölkerung aufzuteilen am besten 500Mrd  das ist ein 1000er für jeden EU Bürger das ganze kann man anschlie end durch Vermögenssteuern wieder hereinholen  Irgendwo müssen die 500Mrd ja schlie lich landen  aber 500Mrd Kapital mehr in der EU  das haben momentan alleine die  sterreicher angespart  kann man auch ohne Gegenma nahmen verkraften aber Politik von der die Bürger profitieren ist wohl ein NO GO lieber wieder Milliarden an irgendwelche Finanzinstitute am besten in die USA überweisen und weiter sudern ;der einzig sinnvolle Weg;Anonymous;2000004890863;4;36
38;admin;1;2;APPROVED;Ad Novotny  Mit Prognosen immer danebenliegen ist auch irgendwie konsequent.;;Anonymous;2000004890863;0;null
39;admin;0;3;APPROVED;Die zusätzlich dann in den Markt gepumpten Milliarden blähen ausschlie lich den Aktienmarkt auf und landen zu 0  in der Realwirtschaft.;;Anonymous;2000004890863;1;38
40;admin;0;0;APPROVED;Der beste Beweis für diese Annahme liegt darin  dass trotz intensiven QE keine nennenswerte Inflation zustande kommt  im Gegenteil. Das Problem könnte bei den Banken rasch gelöst werden  mit dem nötigen politischen Willen  der leider bei keiner der österr. Parteien vorhanden ist ;;Anonymous;2000004890863;2;39
41;admin;0;1;APPROVED;Nein geht nicht. Nur wenn gleichzeitig eine Strafgebühr für das Stehenlassen von Blumen eingeführt wird.  ;Anhebung der Steuer auf Schnittblumen;Anonymous;2000004890863;3;40
42;admin;0;3;APPROVED;Diese wird man nicht mehr durch Mammutsummen rückgängig machen können. Im taumelnden Jubel hat man bald 20 Jahre dem europäischen Kontinent soziale Kohäsion  Progression und allgemeine Orientierung am gegenseitigen Wohl wegkomponiert. Stattdessen eifert der Gro teil nunmehr sinnlosen Konsumdistinktionen hinterher und agiert wertvolatil und hebephren. Die Mitlgieder der politischen Arena haben sich und alle in die Sackgasse manövriert. Nun  da die sauren Früchte abfallen und unkontrollierbare maligne Intrusionen von Pauperisierung und Riots über Umweltzerstörungen und bis hin zu irrationalen Kriegen und vollständigem Absterben demokratischer Formen allgegenwärtig sind  glaubt man  mit Mammutsummen noch das Heil zu finden.;Fortgeschrittene Dekomposition der Welt;Anonymous;2000004890863;4;41
43;admin;0;1;APPROVED;  Sorry  musste sein.;Und was hei t das jetzt auf Deutsch ;Anonymous;2000004890863;0;null
44;admin;2;0;APPROVED;Wird genauso im Sand verlaufen wie die 24 Millarden gegen Jugendarbeitslosigkeit. Die EU ist abgesandelt. Raus  so lange  sterreich noch zahlungsfähig ist.;;Anonymous;2000004890863;1;43
45;admin;0;1;APPROVED;Was meinen Sie mit Zahlungsfähig  Bzw. in welcher Währung   sterreich ist Teil der   Währungsunion. Ich stell Ihnen mal die Preisfrage was passieren würde  wenn   den   verliesse und zum ATS zurückkehrt  würde dieser Schilling  der auch früher mehr oder weniger an die DM gekoppelt war  auf  oder abwerten ;Raus  so lange  sterreich noch zahlungsfähig ist.;Anonymous;2000004890863;2;44
46;admin;0;0;APPROVED;;Das muss er erst beim Bumsti nachfragen ;Anonymous;2000004890863;3;45
47;admin;0;0;APPROVED;Verwaltungsreformen  Richtige Investitionen z.b. in gute Start ups investieren  Mal ganz ehrlich  was bringt es Anleihen und Aktien zu kaufen  Dadurch flie t das Geld nicht in die realwirtschaft sondern erhöht nur die Kurse.;Wie wäre es mit dem Geld steuersenkungen durchzufürhen ;Anonymous;2000004890863;4;46
48;admin;0;0;APPROVED;wird wohl eher das 10 fache werden;300 ;Anonymous;2000004890863;0;null
49;admin;0;4;APPROVED;und was ist mit der Kaugummiabgabe  ;Aigingers Gegenfinanzierung   Anhebung der Steuer auf Schnittblumen ;Anonymous;2000004890863;1;48
50;admin;0;2;APPROVED;oder   Europa droht alle Ziele zu verfehlen  verweist Aiginger  Nein  wirklich   so war das schon immer in der Planwirtschaft  längstens beim zweiten 5 Jahresplan merkt man das  wenn man will  ;300 Milliarden Euro  Quickstarts  hört sich cool an und versickert wieder in maroden Banken;Anonymous;2000004890863;2;49
51;admin;0;0;APPROVED;und ich lebe nicht mehr in Rezession   Danke ;gebts mir 1  davon;Anonymous;2000004890863;3;50
52;admin;0;3;APPROVED;wenn wir das mit dem hubschrauber verteilen würden  wäre es immer noch besser für die wirtschaft  als es banken und politikern zu geben.;;Anonymous;2000004890863;4;51
53;admin;0;0;APPROVED;Bin neugierig wann der erste Kunde dieses Service als gratis Umzugshilfe entdeckt. Neue Möbel bitte an folgende Adresse   ;;Anonymous;2000004909152;0;null
54;admin;0;0;APPROVED;kann man das lebenslange rückgaberecht auch vererben via testament ;;Anonymous;2000004909152;1;53
55;admin;0;3;APPROVED;Bekommt man dann wirklich eine Gutschrift über den vollen Betrag  Dann kann ich mir ja alle zwei Jahre eine neue Matratze holen und alle fünf Jahre richte ich mir die Wohnung neu ein. Irgendetwas kann da ja nicht ganz stimmen an der Sache.;Bitte wo ist der Haken ;Anonymous;2000004909152;2;54
56;admin;0;0;APPROVED;besteht darin  da  die neue Matratze  die Sie sich holen  jene Matratze ist  die ich gerade zurückgegeben habe.  ;Der Haken;Anonymous;2000004909152;3;55
57;admin;0;0;APPROVED;Es gibt anscheinend keinen Haken für die KonsumentInnen   zumindest haben die VerbraucherschützerInnen noch keinen gefunden. Das selbe machen die in Dänemark und Norwegen seit 3 Jahren und haben kaum einen Anstieg bei den Retouren  1  mehr als davor . Gründe für den Schritt sind anscheinend Ausstechen der Konkurrenz  steigende Effizienz am wachsenden Onlinemarkt  Zeitersparnis bei Rücknahme und Beschwerdemanagement laut IKEA bei 20  Werbeeffekt  kommt wohl nicht zufällig parallel zum neuen Katalog  KundInnen in die Filialen locken   denn wer sein Billy zurückbringt  wird in den meisten Fällen mit mehr aus der Filiale spazieren. Insofern rechnen sie damit  dass sich das ganze tatsächlich ökonomisch auszahlt...;;Anonymous;2000004909152;4;56
58;admin;0;0;APPROVED;Richtiger  nachhaltiger  Schritt. Gibt es bereits seit Jahrzehnten auf sehr viele Produkte. Habe es erst letztens wieder in einem anderen Produktbereich in Anspruch genommen. Es gibt sogar Produzenten  die es zulassen  die Ware bei einem jeden Geschäftspartner einsenden bzw ersetzen zu lassen  so irreparabel . Wann ist es bei IKEA für alle  sterreicher unabhängig von Mitgliedschaften möglich ;;Anonymous;2000004909152;0;null
59;admin;0;0;APPROVED;braucht man nur zwei mal zerlegen und neu zusammenschrauben  dann sind die scharniere bzw. die schraubbefestigungen für ewig hin. ab sofort alle kassenzettel aufheben.;die billigen spanplattenmöbel;Anonymous;2000004909152;1;58
60;admin;0;1;APPROVED;Nwenn das solange funktioniert wie die Selbstabwickler Kassen ohne Personal  dann wäre nach 5 Monaten wieder alles vorbei.;;Anonymous;2000004909152;2;59
61;admin;0;0;APPROVED;Hmm  interessantes Experiment  was hält länger  Verpackung  Inhalt oder Kassabeleg....;;Anonymous;2000004909152;3;60
62;admin;1;1;APPROVED;...ist wohl der Preis. Es ist nicht zu erwarten  dass man für gebrauchte Möbel nach einigen Jahren den  damaligen  Neupreis erhält. Eher wird s nix geben oder maximal einen Gutschein für einen  Lapp Topflappen. Daher ist es genau das  was die Konkurrenz schon längst in der Pfeif n raucht. Dort heisst es allerdings  Gratis Entsorgung der Altmöbel   ;Der Haken...;Anonymous;2000004909152;4;61
63;admin;0;2;APPROVED;wäre auch irre  Neupreis nach Jahren auszuzahlen.;;Anonymous;2000004909152;0;null
64;admin;0;0;APPROVED;da muss man immer das klein gedruckte lesen. da hat doch ein provider einen tarif  ein leben lang  garantiert und der wurde dann auch abgeschafft.;;Anonymous;2000004909152;1;63
65;admin;2;3;APPROVED;Also ich kaufe mir einen Fernseherunterschrank und komme nach 10 Jahren drauf  dass ich gar keinen Fernseher habe. Zum Glück ist es noch originalverpackt und ich kann es zurückgeben. Das passiert mir öfters und deswegen werde ich in Zukunft nur noch bei Ikea kaufen  obwohl mir die Möbel der Mitbewerber besser gefallen .;Hmmm..;Anonymous;2000004909152;2;64
66;admin;0;3;APPROVED;Fernseherunterschrank   Sie sollte lieber bei Loriot einkaufen...;;Anonymous;2000004909152;3;65
67;admin;0;1;APPROVED;Auch gebrauchte Möbelstücke können nach Vorlage des Kassenbelegs umgetauscht werden  berichtete die deutsche  Lebensmittel Zeitung .;Hmmm... Nicht genau gelesen ;Anonymous;2000004909152;4;66
68;admin;0;2;APPROVED;Hervorragend endlich was mit Hirn ...;;Anonymous;2000004909152;0;null
69;admin;0;21;APPROVED;1x eine Matratze kaufen und dann alle 2 Jahre einfach umtauschen   Auch gebrauchte Möbelstücke können nach Vorlage des Kassenbelegs umgetauscht werden  Wo ist der Haken ;wie soll man das verstehen ;Anonymous;2000004909152;1;68
70;admin;0;7;APPROVED;Du bekommst eine gebrauchte. Das ist der Haken.;;Anonymous;2000004909152;2;69
71;admin;0;0;APPROVED;you made my day  fast den kaffee wieder ausgespuckt beim lesen   D;;Anonymous;2000004909152;3;70
72;admin;0;0;APPROVED;naja  der alte Bundesheerwitz  Männer  heute ist es endlich soweit   wir können die Unterhosen wechseln Müller wechselt mit Meier  Meier wechselt mit Bauer ...  ;;Anonymous;2000004909152;4;71
73;admin;0;0;APPROVED;Vielleicht ist es so wie beim Eybl mit den Bergschuhen  Man kann die Schuhe zurückgeben  nachdem man sie einmal  wenn man aufpasst auch 2 3 mal  getragen hat  d.h. solange sie nur sehr geringe Gebrauchsspuren aufweisen. Die Schuhe werden dann ca. um 30 50  billiger verkauft.;;Anonymous;2000004909152;0;null
74;admin;2;2;APPROVED;ja super Fu pilz lässt grü en ....;;Anonymous;2000004909152;1;73
75;admin;0;1;APPROVED;Du bist 1. nicht verpflichtet gebrauchte Schuhe zu kaufen  läufst 2. nicht Gefahr irrtümlich welche zu kaufen  da sie als gebraucht ausgewiesen werden und könntest 3. ein Desinfektionsspray verwenden Worin besteht also dein Problem  au er dass du offensichtlich übermä ig hy.terisch bist ;;Anonymous;2000004909152;2;74
76;admin;0;0;APPROVED;Fam. Meier tauscht mit Fam. Müller  Fam. Bauer mit Fam. Pospischil   usw.....  ;ja  sicher ;Anonymous;2000004909152;3;75
77;admin;0;0;APPROVED;Bei Matratzen geht das zB nicht   weil lt. IKEA ein sog. Hygieneartikel.;Hygiene;Anonymous;2000004909152;4;76
78;admin;0;0;APPROVED; sterreich III  Wir unterm Rettungsschirm mit Schulden  die Deutschland zur Ehre gereichen würden.  ;  Die EU tue gut daran  zu analysieren  was da auf sie zukommen könnte  ;Anonymous;2000004925398;0;null
79;admin;0;3;APPROVED;Schaut ja romantisch aus  das Bild  aber bei solchen Wetterbedingungen wäre ein Start sicher verschoben worden.;;Anonymous;2000004892252;0;null
80;admin;0;2;APPROVED;die NASA will weiterhin nicht in die Entwicklung der WARP Technologie investieren  Das wird dann aber bis 2053 schön langsam knapp ;d.h.;Anonymous;2000004892252;1;79
81;admin;0;2;APPROVED;Das wird eh wahrscheinlich mehr aus dem privaten Bereich kommen  irgendwo in den Wäldern von Bozman Montana nehme ich mal an.;;Anonymous;2000004892252;2;80
82;admin;9;0;APPROVED;damit sollte die Mondlandung diesmal realisierbar sein ...  ;;Anonymous;2000004892252;3;81
83;admin;0;0;APPROVED;der 6 Landungen ;Welche;Anonymous;2000004892252;4;82
84;admin;0;0;APPROVED;Get your ass to mars ;;Anonymous;2000004892252;0;null
85;admin;0;13;APPROVED;Als Laie habe ich den Eindruck  dass sich in diesem Bereich seit den späten 60er Jahren erstaunlich wenig getan hat. Beispielsweise sind maximale Traglast und Stückkosten  Inflation berücksichtigt  bei SLS und Saturn V beinahe gleich. Kann mir bitte jemand erklären  wo hier gro e Fortschritt in letzten 45 Jahren zu finden ist  von verbesserten Steuersystemen mal abgesehen ;;Anonymous;2000004892252;1;84
86;admin;1;1;APPROVED;könnte vielleicht damit zusammenhängen  da  deise forschung mal vorrangig militärstrategischen charakter hat  und in zeiten der blockbildungen zwar munter weitergeforscht wurde auf beiden seiten  von welchen wissenschaftlern dürfte bekannt sein  die ergebnisse dieser forschung aber nicht in den zivilen bereich der raumfahrt einflossen weil sie dort aus rein taktischen gründen nichts verloren haben. wirtschaftliche gründe für die unterdrückung kann ich mir in dem breich nicht vorstellen   die werden in anderen zivilen bereichen schlagend  dort wo sich mächtige monopole dank des technologischen stillstand bereichern können;;Anonymous;2000004892252;2;85
87;admin;0;0;APPROVED;;Sie meinen aus  strategischen  Gründen.;Anonymous;2000004892252;3;86
88;admin;0;5;APPROVED;Von verbesserten Steuersystemen mal abgesehen sind hier doch keine gro en Fortschritte zu finden. Ist immer noch das gleiche Prinzip  Motor  4 Räder  Lenkrad mit Karosserie drum rum. Und dabei haben die Autos deutlich kürzere Produktzyklen als Trägerraketen.;Naja  bei den Autos hat sich seit den späten 60er Jahren doch auch erstaunlich wenig getan;Anonymous;2000004892252;4;87
89;admin;2;6;APPROVED;Ganz einfach. Antriebstechnisch steht man faktisch an. Seit 1960 ist der max. erreichbare spezifische Impuls der besten Treibstoffkombi LOX LH2 um  10  gestiegen   in den 60ern hat man 4.100m s erreich und jetzt 4.5 600.  hnlich verhält es sich mit dem Schub. Es gäbe exotische Kombinationen mit welchen höhere Impulse erreichbar wären   oft hochgiftig und oder schweineteuer   das rechnet sich dann wegem dem Aufwand nicht. Dazu kommt noch der technologische Reifegrad. Bis der bei vollkommen neuen Dingen einen Punkt erreicht hat wo das Risiko akzeptabel erscheint vergeht viel Zeit und es kostet eine Unmenge Geld. Man optimiert also Materialtechnik und Fertigungsprozesse   sind halt eine riesen Sprünge drin.....;erstaunlich wenig getan hat;Anonymous;2000004892252;0;null
90;admin;1;0;APPROVED;diese  wir setzten uns auf eine riesenbombe und sprengen uns damit in den orbit technologie ist sowieso nix mit dem man ernsthaft raumfahrt betreiben kann   man hat von anfang auf das falschen konzept gesetzt  und es im zivilen bereich halt ausgereizt weil die manigfaltigen anderen konzepte dort nix verloren haben und nur im militärischen bereich angewandt werden  man muss sich ja nur die interviews mit den big guns von lockheed  northrop  ge usw. ansehen   die sagen doch eh ganz deutlich wo der frosch die locken hat  und wohin die echte hochtechnologie abwandert;;Anonymous;2000004892252;1;89
91;admin;0;0;APPROVED;ja  na in sachen antrieb hat sich seit der saturn wenig getan  die triebwerke heissen dann jetzt halt j 2x statt j 2 . wo man was ersparen kann  ist wohl beim gewicht der materialien  bei den steuerungssystemen elektronik  sowie beim recycling der booster.;;Anonymous;2000004892252;2;90
92;admin;2;1;APPROVED;Sie haben recht. Die Raumfahrt ist eine extrem konservative Branche  was einmal verlässlich funktioniert wird kaum mehr verändert. Die meisten heute verwendeten Raketenmotoren wurden in den 60er oder 70ern entwickelt  im Falle von Orbitals neuer Antares  sogar gebaut  alte NK 33 AJ26 refurbished . Im Falle von SLS kommen die Booster und Motoren vom Shuttle Programm. Prominente Ausnahmen sind die Vulcain  Ariane  aus den 90ern und die Merlin  SpaceX  aus den 00ern. Die gute Nachricht  es gibt endlich vielversprechende und realistische neue Ansätze  aus den UK das Projekt Skylon Sabre ist ein radikal neuer Hybridmotor der SSTO erlauben soll  und SpaceX macht gro e Fortschritte mit Wiederverwendbarkeit der Stufen und einem neuen Methan Motor.;;Anonymous;2000004892252;3;91
93;admin;0;0;APPROVED;...wirklich  empirisch  aufgefallen  aber die Saturn V war ganz schoen unsicher. Die telemetrie hat unter den fluegen oft grenzwertiges angezeigt  gern auch ist einmal ein triebwerk ausgefallen usw. Wuerde man heute nicht akzeptieren  auch wenn bemannter raumflug immer noch gefaehrlich ist;es ist zwar nicht...;Anonymous;2000004892252;4;92
94;admin;1;2;APPROVED;Du hast recht. Es wird aber angesichts der Antriebsmöglichkeiten und der Raketengleichung kaum anders  auch in weiteren 45 Jahren... Die einzige Möglichkeit zur Kostenreduktion ist  so viel wie möglich wiederzuverwenden. Wie man am Space Shuttle gesehen hat  führt aber die zwangsläufig damit einhergehende gestiegene Komplexität auch zu Problemen.;;Anonymous;2000004892252;0;null
95;admin;1;1;APPROVED;Space Shuttle ist kein gutes Beispielm nachdem der Ansatz von der Air Force kaputt spezifiziert wurde. Va. weil die Fähigkeit für polare Orbits und zu hohe Nutzlasten spezifiziert wurden.;;Anonymous;2000004892252;1;94
96;admin;2;2;APPROVED;Man muss da alles neu entwickeln. Dass ist der Grund warum unsere Gro raketen nicht weiter sind. Und das ist auch der Grund w arum wir heute nicht technisch in der Lage sind zum Mond zu fliegen  obwohl wir das bereits vor 40 Jahren konnten. Bedeutet nicht  dass wir technisch rückständiger wurden  sondern dass mit neuer Technologie sich das Gesamtsystem  technische Entwicklung  ändert. Und jetzt ist die aktuelle Raketentechnologie auch nicht besonders neu   sie ist 60  fast 70 Jahre alt  von der Idee her sogar noch älter. SLS soll auch kein neues Raumfahrtkonzept sein  sondern einfach gro e Lasten zum Mars und weiter bringen. Die neuen Antriebstechnologien stecken noch immer in den Kinderschuhen.;Wenn ich technische Entwicklung über lange Zeit unterbreche  muss ich irgendwann wieder bei Null anfangen. Z.B. einfach dort weitrermachen  wo man bei der letzten Mondmission angefangen hat  geht nicht.;Anonymous;2000004892252;2;95
97;admin;0;0;APPROVED;das ganze ist kein technisches sondern ein juristisches problem. bevor man in .at eine bewilligung für einen raketenstart bekommt stirbt man an altersschwäche.;warum wir heute nicht technisch in der Lage sind zum Mond zu fliegen ..;Anonymous;2000004892252;3;96
98;admin;8;5;APPROVED;die im moment jeden fortschritt verhindert. die usa sind dazu übergegangen krieg als beschäftigungsprogramm zu exportieren  weltweit... die herstellung dieses krieges kostet unsummen... nach dem zweiten weltkrieg wurden diese summen für einfaches wettrüsten und den wettlauf zum mond locker gemacht... deswegen stecken wir fest. ohne geld kein weltraumflug  braucht auch niemand wenn man alle in die steinzeit zurückbombt. dann genügen einfache waffen um alle zu beherrschen...;es ist die wirtschaftliche und politische grosswetterlage...;Anonymous;2000004892252;4;97
99;admin;2;4;APPROVED;Wie immer der Herr mit seinem breiten Wirtschaftsstatement  ohne Wissen zum Thema. Seit den 60ern also die gleiche Grosswetterlage  sollte man dann nicht also von einem Klima sprechen ;;Anonymous;2000004892252;0;null
100;admin;0;0;APPROVED;;im moment und klima. passt...;Anonymous;2000004892252;1;99
101;admin;0;2;APPROVED;...wenn ic gute Nachrichten über das SLS und das James Webb Space Telescope lese. Diese zwei Programme werden uns deutlich in der Weltraumforschung weiterbringen. Dabei ist jeder Cent gut angelegt.;Ich freue mich immer...;Anonymous;2000004892252;2;100
102;admin;0;23;APPROVED;Ohne HYPO könnten wir uns das doch glatt zweimal geben. Aber bei uns herrschen leider andere Prioritäten;;Anonymous;2000004892252;3;101
103;admin;1;4;APPROVED;Wenn ich mich halbwegs erinnere und es auch stimmt  haben den Amis die Irak Kriege und der Afghanistan Krieg um die 200 Mrd.  gekostet.  hnlich hoch wurden  2010  die Kosten für eine bemannte Mars Mission geschätzt. So könnte die SLS die Mission im günstigsten Fall auch nur  ermöglichen . Schlie lich gehts dabei auch um viel mehr  als nur um den Antrieb.;bei den USA auch;Anonymous;2000004892252;4;102
104;admin;0;1;APPROVED;gratulation. mit diesem kommentar wäre ihnen ein platz in  die letzten tage der menschheit  sicher gewesen.;;Anonymous;2000004896695;0;null
105;admin;0;3;APPROVED;Waffenlieferungen  die Stationierung von Nato Truppen in der Ukraine bis hin zu US Luftschlägen gegen Separatistenstellungen. Geht s noch Hr. Frey ;Haben sie Kinder ;Anonymous;2000004896695;1;104
106;admin;0;6;APPROVED;Mir kommt das Heulen  Hr. Frey  Wenn irgend etwas zu allererst gestoppt werden muss  dann ist das die Art von;Kreigstreiberei in einem neutralen Land  sterreich ;Anonymous;2000004896695;2;105
107;admin;0;4;APPROVED;...Berichterstattung  welche die Bevölkerung von einem Krieg überzeugen soll. Wahnsinn. Und so etwas ist vom Standard gewünscht  Das sagt Alles...;;Anonymous;2000004896695;3;106
108;admin;0;6;APPROVED;Es ist erstaunlich wie leichtfertig  oder vielleicht hintertrieben manipulativ  Kriegshetze in den Medien verbreitet wird. Die schöne Phrase  Putin stoppen . Was soll das  Ist  stoppen  das neue Gut Wort für  den 3. Weltkrieg beginnen  Alle  Putin Stopper  könnten sich in die Ukraine begeben und mitkämpfen. Beide Seiten nehmen dort gerne Freiwillige und gleich auch das Ersparte Geld mitnehmen um Waffen zu kaufen. Wer soll für den lieben Herrn Frey  Putin stoppen  Die Amerikanische Armee  So blöd sind die nicht  die wollen die Nato kämpfen lassen  sprich die Europäischen Verbündeten. Das sind wir  meine Damen und Herrn  Also will Herr Frey  dass sie und ihre Kinder in den Krieg ziehen. Das werden sie wohl gerne tun  oder ;Wie stoppt man Putin  Etwa Atombomben auf Russland  Etwa die Jugend  sterreichs in den Krieg schicken  Vielleicht ein Bltzkrieg gegen Russalnd  Auf jeden Fall soll das Gute gegen das Böse kämpfen  oder so ähnlich ;Anonymous;2000004896695;4;107
109;admin;1;4;APPROVED;  Irgendwie muss ihm aber bewusstgemacht werden  dass er sich verkalkuliert hat  dass der Westen die Aggression nicht hinnehmen wird. Nur dann gibt es eine Chance auf Frieden.  Das muss ein sehr reiner Stoff sein.;;Anonymous;2000004896695;0;null
110;admin;0;2;APPROVED;Die IS und die Instabilität in weiten Teilen des arabischen Raums ist das weitaus grö ere und gefährlichere Problem. Und einen Zweifrontenkrieg können sich selbst die USA nicht leisten. Das wei  auch Obama und sagt derartiges auch immer wieder. Ukrainer und Russen müssen sich in einer Form einigen  bei der beide Seiten nicht das Gesicht verlieren. Auch die  west ukrainische Seite ist an der Situation nicht unschuldig. Stichworte dazu  putschartige Situation in Kiew  zweifelhafte Parlamentsbeschlüsse mit Bewaffneten im Parlament  ungestrafte Prügeleien durch rechtsextreme Abgeordnete  minderheitenfeindliche Signale  Initiative zum Sprachengesetz  fehlende Bereitschaft zu Föderalismus  Brand in Odessa mit vielen prorussischen Toten ...;Wenn schon Kriegsrhethorik  dann  Der  Westen  muss die IS stoppen;Anonymous;2000004896695;1;109
111;admin;0;4;APPROVED;;Die  extreme Mitte  will den Krieg;Anonymous;2000004896695;2;110
112;admin;6;0;APPROVED;Würden den Frey wirklich mal gerne fragen ob er sich auch so über die Kasperl hier drinnen amüsiert... muahahaha;;Anonymous;2000004896695;3;111
113;admin;0;0;APPROVED;Sind sie schon ausgerüstet und abmarschbereit ;;Anonymous;2000004896695;4;112
114;admin;1;11;APPROVED;Sind Sie noch zu retten Herr Frey  Sie Zündler  Ein paar westliche Waffen an Kiew und ein paar östliche Waffen an die Rebellen und Sie glauben tatsächlich  es würde dadurch friedlicher  Ein paar verschärfte Sanktionen und es geht uns allen besser  Sind Sie etwa Amerikaner  Ein würdiger Kandidat für den  Dolm der Woche   ;;Anonymous;2000004896695;0;null
115;admin;2;6;APPROVED;entweder nichts gerlernt aus der Geschichte oder einfach nur gut bezahlt ;bleibt nur noch zu sagen ;Anonymous;2000004896695;1;114
116;admin;1;6;APPROVED;nicht der Westen. Wenn  dann UNO Mandat. Was soll die Zuspitzung auf einen Ost West Konflikt ;;Anonymous;2000004896695;2;115
117;admin;1;7;APPROVED;Wäre auch in Ordnung wenn  der Westen  erkennt  dass Russland tatsächlich eine Nummer zu gro  ist und sich langsam aus dem misslungenen Vorhaben zurückzieht  denn niemand will weder ernsthaft Krieg weil die Ukraine das Assozierungsabkommen mit der EU abgelehnt hat  noch eine Pleite Ukraine samt Tschernobyl mit faschistischen Tendenzen im ohnehin schon  elitären Club  der EU.;Eine Nummer zu gro ;Anonymous;2000004896695;3;116
118;admin;0;9;APPROVED;aber wer will das schon hören  wenn das bankkonto passt  gell herr frey...;gerhard schröder  bill clinton  tony blair.;Anonymous;2000004896695;4;117
119;admin;1;4;APPROVED;feiert die Domino Theorie hier fröhliche Urständ ;;Anonymous;2000004896695;0;null
120;admin;2;14;APPROVED;Zum Artikel vom Herren Frey mag ich nichts sagen. Mir fehlen die Worte. Nur das man vor den meisten Kriegen die selben im Stil dieses Artikels herbeigeschrieben hat. Aus  Na vielleicht noch ein Rat an die anderen Poster   Kaufts euch schwedische Kamine oder Allesbrenner. Lernt euren Kindern einheizen  sofern ihr das könnt.  ;;Anonymous;2000004896695;1;119
121;admin;2;16;APPROVED;ist das nicht strafrechtlich relevant  In Hinsicht auf Putins BRICS Abschlüsse ist dies zumindestens übele Nachrede   Verhandlungen mit Putin sind derzeit sinnlos  weil er jedem Gesprächspartner offen ins Gesicht lügt. ;Klassische Kriegstreiberei;Anonymous;2000004896695;2;120
122;admin;1;5;APPROVED;ja  da  solche Artikel einen strafbaren Tatbestand darstellen  sollten  sehe ich auch.;;Anonymous;2000004896695;3;121
123;admin;0;8;APPROVED;wo der Westen selbst stets nur nach  Wahrem  und  Falschem  sucht  die Wahrheit aber selbst abgeschafft wurde  systematische Manipulation der und durch Medien aller Art  Geheimdienste  etc.  wären die Russen blöd  würden sie nicht einfach auf Wahrheit pfeifen. Kriegstreiber  wie der Schreiberling hier  übersehen bei ihrer Fokussierung auf Konflikte  was diese Polaritäten überhaupt erzeugt. Die Lösung ist relativ einfach  Statt Krieg muss eine Friedensbewegung her und die NATO natuerlich  wie stets bereits gefordert  abgeschafft werden.;In einer Welt;Anonymous;2000004896695;4;122
124;admin;3;6;APPROVED;Es sei mal dahingestellt ob man den Einmarsch der Amerikaner und Briten im Iraq völkerrechtlich legitimiert sehen kann  Herr Frey. Abgesehen davon  Putin muss man die Grenzen aufzeigen  nur wie  Soll man eine offene Konfrontation riskieren  Keine Ahnung. Ich persönlich bin nicht bereit mein Leben für die Ukraine zu opfern  ganz ehrlich  deshalb bin ich auch klar gegen ein militärisches eingreifen obwohl ich irgendwie das Gefühl habe  anders ist dieser Wahnsinnige nicht zu stoppen. Ein Dilemma. Nur eins scheint mir auch klar zu sein  weil hier wieder von amerikanischen Luftschlägen gesprochen wird. Warum sollen die Amis immer die Kohlen aus dem Feuer holen  Ich denke ohne unseren Beitrag wirds keine Unterstützung der Amerikaner geben.;flagranter Bruch des Völkerrechts  wie ihn Europa seit dem Bosnienkrieg  eigentlich seit 1945  nicht mehr erlebt hat;Anonymous;2000004896695;0;null
125;admin;1;3;APPROVED;Sie glauben ernsthaft  es wird noch diskutiert  ob der Irak Krieg völkerrechtlich legitim war  Und das  obwohl die UN sich geweigert hat  der USA die Legitimation auszusprechen  und ein Bush damals gemeint hat   Dann machen wir das ohne völkerrechtliche Legitimation  Und wo beim Bosnienkrieg gab es einen Bruch des Völkerrechts  Echt  da bin ich jetzt irrsinnig gespannt.;Ich glaub ich seh schlecht ;Anonymous;2000004896695;1;124
126;admin;0;3;APPROVED; Die wer n si furchtn  die Russn ... lauter so Burschen wie der Frey ... ;Frey vergisst  dass wir  Westler  noch Atomwaffen einzubringen hätten ;Anonymous;2000004896695;2;125
127;admin;2;1;APPROVED;umgehend den Untersuchungsbericht zu MH17 zu publizieren  damit auch den schlappschwänzigen  Putinverstehern  endlich klar wird  zu welchen Untaten dieser Unhold fähig ist ;Am besten wäre es ;Anonymous;2000004896695;3;126
128;admin;0;0;APPROVED;Wer blockiert denn die Veröffentlichung des Berichts ;;Anonymous;2000004896695;4;127
129;admin;0;0;APPROVED;Habe den Film gesehen   sehr zu empfehlen  wobei manchmal leider die Fotos etwas zu kurz kamen. Kann man hier http www.vivianmaier.com  ausführlich nachholen. Sehr schön finde ich ihre Selbstporträts.;;Anonymous;2000004796202;0;null
130;admin;0;1;APPROVED;eine weitere perspektive auf diese sache gibts hier zu hören  http youtu.be 66oDaqgdTyI;;Anonymous;2000004796202;1;129
131;admin;0;1;APPROVED;;Designer.........so  wichtig  und  nötig  wie Theologen;Anonymous;2000004805246;0;null
132;admin;0;0;APPROVED;Ein ausgezeichneter Vorschlag. Kopiergeschützte Werke   keine legale Privatkopie möglich  kann man dabei gleich von der Vergütung ausnehmen. Rechtlich argumentieren kann man diese Vergütung auch ganz leicht  Vergütet wird das Recht auf die Privatkopie  nicht die tatsächliche Ausführung. Bei der Festplattenabgabe geht ja noch nicht mal das  mit dem Kauf einer Festplatte habe ich noch kein Recht auf Privatkopie erworben. Dass die Reaktion von  Kunst hat Recht  einer Verhöhnung jeglicher menschlicher Logik gleichkommt wissen sie vermutlich selbst.;;Anonymous;2000004876450;0;null
133;admin;0;0;APPROVED;Schluck Wasser   5 cent nach dem Zähneputzen   20 cent ohen Zähneputzen   50 cent Steht das Parteiprogramm der rosa Schwammerl nun schon  oder kann man noch beitragen  ;Salzstreuer schütteln   10 cent;Anonymous;2000004876450;1;132
134;admin;0;2;APPROVED;Haha  gefällt mir. Die Verfechter der Festplattenabgabe mit den eigenen Mitteln schlagen.;;Anonymous;2000004876450;2;133
135;admin;0;1;APPROVED;lad ich mir auch nichts mehr runter. beim filehoster zahl ich sowieso  wenns mit einem bescheidenen aufschlag legal ist zahl ichs auch. max 20  im monat für ein uneingeschränktes film  musik und serien abo. zum streamen und downloaden. aber z.b. die preise in der a1 onlinevideothek sind ein witz... da bleib ich lieber bei knox.;wennbes mal ein kostengünstiges streaming angebot mit viel auswahl gibt;Anonymous;2000004876450;3;134
136;admin;0;9;APPROVED;Man kann den Standpunkt der NEOs nur unterstützen. Und was Herr Kreihsl von der Initiative  Kunst hat Recht  anbelangt  Das Modell würde nicht  diejenigen treffen  die kopieren  sondern alle Käufer  Darum geht es ja  Nur der Käufer hat ein Recht auf Privatkopie. Alle anderen die kopieren  kopieren illegal Daten  oder eigene Daten . Dafür darf es laut EUGH Urteil aber keine Gebührenerhebung geben  Was diese  Kunst hat Recht Initiative in Wahrheit will ist also alle illegalen Kopierer irgendwie mitabkassieren ohne das aber explizit zu sagen  da es ja laut EUGH Urteil nicht sein darf.;BRAVO;Anonymous;2000004876450;4;135
137;admin;0;0;APPROVED;Au erdem sind die meisten CDs kopiergeschützt. Damit kann der Käufer auf legalem Weg gar keine Kopie mehr anfertigen.;;Anonymous;2000004876450;0;null
138;admin;0;1;APPROVED;So ist es. Auch da ist das Modell mit dem Kaufpreis Aufschlag das gerechteste. Der Künstler verkauft sein Werk mit Kopierschutz   kein Aufschlag für das Recht auf Privatkopie Der Künstler verkauft sein Werk ohne Kopierschutz   Aufschlag für das Recht auf Privatkopie;;Anonymous;2000004876450;1;137
139;admin;0;0;APPROVED;womit diese auch keine gebühr benötigen.;;Anonymous;2000004876450;2;138
140;admin;0;0;APPROVED;Exakt;;Anonymous;2000004876450;3;139
141;admin;0;0;APPROVED;Das ist echt eine geile Idee  .;;Anonymous;2000004876450;4;140
142;admin;0;4;APPROVED;Also wie bei der extra Besteuerung von Datenträgern ;  Das Modell würde nicht  diejenigen treffen  die kopieren  sondern alle Käufer   ;Anonymous;2000004876450;0;null
143;admin;0;2;APPROVED;die Festplattenabgabe trifft dann halt einfach alle  egal ob privat kopiert  gekauft  radio hörend oder nix mit musik am hut. Hammer Argumentation  da kommt mir die Galle hoch.;Achja  liebe  Kunst hat Recht ;Anonymous;2000004876450;1;142
144;admin;0;0;APPROVED;Da hat jemand die Realität nicht verstanden. Den Rechteverwertern gehts ja nicht um die legal erworbenen Downloads  sondern die  unkontrollierten  Downloads die angeblich ihren  Gewinn auffressen . Au erdem ist mit dem Modell keine Entkriminalisierung der privaten Kopie möglich. Weiterhin müsste ich für jede Privatkopie auf meinem Rechner nachweisen wo sie herkommt  und ob ich eh eine Gebühr entrichtet habe. Das öffnet perversen Klagen über Schadenersatz wieder Tür und Tor und bringt im Endeffekt gar nix.;;Anonymous;2000004876450;2;143
145;admin;1;0;APPROVED;wenn die leute die arbeit der künstler anerkennen würden und ihnen nicht ins gesicht spucken und ihre arbeit mit dem wert null bewerten würden und alles gratis sich besorgen würden aus reinem egoismus. und kommt mir jetzt nicht damit  da  die industrie scheisse produziert   wenn das so wäre was bei sicher 10.000 herausgegebenen lieder pro tag weltweit garnicht sein kann  wäre das doch ein grund mehr es weder legal noch illegal zu besorgen sondern mit nichtbenutzung zu bestrafen.;das ganze würde sich vermeiden lassen und es würde garkeine diskussion geben;Anonymous;2000004876450;3;144
146;admin;0;0;APPROVED;nur von jenen geld verlangen zu können  die ihre produkte auch erwerben. sie können nicht ungeachtet der tatsache  dass der grossteil des speicherplatzes NICHT für deren werke verwendet wird  pauschal für speichermedien geld verlangen. denn in diesem fall muss sie jemand bezahlen  ohne dass sie eine leistung dafür erbringen. so ein  geschäftsmodel  wünscht sich wohl jeder. es ist auch ein zeichen der respektlosigkeit gegenüber der bevölkerung  allen pauschal illegale handlungen zu unterstellen und daraus einen finanziellen vorteil ziehen zu wollen. wer respektlos gegenüber anderen ist sollte sich nicht fragen  warum er nicht respektiert wird. leider eine gegenseitige spirale ohne aussicht auf lösung.;grundsätzlich stimme ich dir zu  allerdings muss auch die industrie einsehen;Anonymous;2000004876450;4;145
147;admin;0;0;APPROVED;1 jede art von monetärere Abgeltung ist mir zuwider. 2 ich besorge mir alles was ich will weil es geht 3 jeder Bestrafung ist mir zuwider   es ist mein gutes recht alles gratis anzuhören anzusehen oder zu spielen 4 ich sehe die contentindustrie als ein riesiges unternehmen und nicht als hunderttausende bis Millionen Einzelunternehmen und betrachte die einnahmen einer firma als Berechtigung alle anderen firmen zu schädigen in der irren Ansicht  da  die anderen firmen einen Vorteil davon haben wenn ein Konkurrent ein gutgehendes Produkt vertreibt. festplattenabgaben entstehen nur aus Verzweiflung  weil man nicht möchte  da  die eigenen Produkte von den leuten gratis benutzt werden und man trotzdem ausgaben hat.;raubkopierer sehen ihre taten wiefolgt;Anonymous;2000004876450;0;null
148;admin;0;0;APPROVED;5  Der einzige Anbieter ist TPB Co. Schon mal probiert DRM freie Game of Thrones Folgen direkt nach der Ausstrahlung zu kaufen  Selbst mit DRM gibt es nur einen einzigen Anbieter  der nicht einmal unter Linux funktioniert und nur streamed  keine Downloads anbietet . Dort gibts eine Mindestvertragslaufzeit von 24 Monaten für das günstigste Paket das Game of Thrones beinhaltet. Das kommt dann also auf 352  für 2 Jahre   175  pro Staffel. Und nach 2 Jahren wirds noch teurer.;;Anonymous;2000004876450;1;147
149;admin;0;0;APPROVED;Die  die sich hier aufregen  weerden schon mit Nichtbenutzung bestraft. Deshalb regen sie sich ja auf  dass ihnen angeblich Millionenbeträge entgehen  weil IHRE Musik muss doch jeder hören. Und da sie keiner kauft  müssen sie sich alle downloaden. Dass sie damit für eine Raubkopieabgabe eintreten   wodurch Raubkopien wiederum leagal werden würden   die der EUGH explizit verboten hat  ist ihnen egal. NUR der Käufer kann legal Privatkopien machen   wenn sie nicht kopiergeschützt sind   Also nicht mal der.;;Anonymous;2000004876450;2;148
150;admin;0;0;APPROVED;ich kenne praktisch niemanden der nicht dinge illegal downloadet. sogar meine ü50 verwandten machen das. diese blöde ausrede  da  das niemand macht  ist sowas von dämlich. deshalb gibt s ca. 21589712985 portale oder server im Internet mit illegalem Inhalt oder verweisen darauf weil das niemand macht. sie werden eben nicht mit nichtbenützung bestraft. und es ist übrigens nur so weil die Gefahr bestraft zu werden praktisch null ist. deshalb würde  bei zusammenbrechen der staatlichen gewalt  auch sofort die dünne gesellschaftliche zivilisationsschicht wegfallen und es würde wieder der gewinnen  der den anderen leichter den Schädel einschlägt.;geh hör mir doch auf;Anonymous;2000004876450;3;149
151;admin;0;3;APPROVED;Der Idealfall wäre aus der Sicht der Initiative wohl  dass die Abgabe nicht auf Festplatten eingeführt wird  sondern auf Brot. Wer Kunst konsumiert  der isst meist auch einmal pro Woche Brot. Manchmal sogar öfter. Da gibt es statistisch eine ganz starke Korrelation  das darf man wohl nicht ignorieren. Eine Brotabgabe wäre daher in hohem Ma e treffsicher.;;Anonymous;2000004876450;4;150
152;admin;0;1;APPROVED;Brot wird aber schon sehr stark mit Amokläufern in Verbindung gebracht. http www.stupidedia.org stupi Brot Das würde dann bedeuten  Leute welche Kunst kaufen haben eine hohe Koinzidenz früher oder später auszuticken und wahllos Leute zu erschiessen. Der Zusammenhang verdichtet sich wenn man nach Amerika blickt. Da wird mehr über iTunes konsumiert  hoher Brotkonsum level  Burgerbrötchen  und sehr oft gibts es Schiessereien und Amokläufe. Das passt alles Zusammen. Leute hört auf für Musik Geld zu bezahlen  die Faktenlage spricht für Sich. Denkt denn keiner an die Kinder.;;Anonymous;2000004876450;0;null
153;admin;3;2;APPROVED;und die die es dann von denen kopieren zahlen nach wie vor nix. gute idee.;also  die  die es brav kaufen  zahlen noch mehr.;Anonymous;2000004876450;1;152
154;admin;0;0;APPROVED;NUR die  die brav zahlen D RFEN leagle Privatkopien anfertigen  Falls die CD nicht kopiergeschützt ist   dann dürfen nicht mal die. Wenn illegale Kopien verrechnet werden  dann werden sie zu legalen   alle illegalen downloads in  sterreich wären mit einem Schlag legal. Abgesehen davon  dass dies dem EUGH widerspricht  würde auch die restliche Musikindustrie Amok laufen dagegen. Da also NUR die  die brav zahlen es nutzen dürfen  müssen auch nur die zahlen dafür.;;Anonymous;2000004876450;2;153
155;admin;0;0;APPROVED;Das ist der offizielle Sinn hinter der Abgabe  ja. Sie wird von der Contentindustrie aber dafür verwendet  um ihr veraltetes Geschäftsmodell zu finanzieren.;;Anonymous;2000004876450;3;154
156;admin;0;0;APPROVED;dar bereits erlaubte und vorhandene recht auf eine privatkopie soll jetzt nochmals mit einem extraaufschlag vom kunden bezahlt werden  also was verstehe ich da jetzt nicht ;;Anonymous;2000004876450;4;155
